<?xml version='1.0'?>
<home version='7400' exportFlags='17' name='home.sh3d' camera='topCamera' wallHeight='250.0'>
  <property name='com.shmuelzon.HomeAssistantFloorPlan.climate.arbeitszimmer.leftPosition' value='93.0'/>
  <property name='com.shmuelzon.HomeAssistantFloorPlan.climate.arbeitszimmer.topPosition' value='24.0'/>
  <property name='com.shmuelzon.HomeAssistantFloorPlan.climate.badezimmer.leftPosition' value='7.000000000000001'/>
  <property name='com.shmuelzon.HomeAssistantFloorPlan.climate.badezimmer.topPosition' value='44.0'/>
  <property name='com.shmuelzon.HomeAssistantFloorPlan.climate.schlafzimmer.leftPosition' value='7.000000000000001'/>
  <property name='com.shmuelzon.HomeAssistantFloorPlan.climate.schlafzimmer.tapAction' value='MORE_INFO'/>
  <property name='com.shmuelzon.HomeAssistantFloorPlan.climate.schlafzimmer.topPosition' value='24.0'/>
  <property name='com.shmuelzon.HomeAssistantFloorPlan.climate.wohnzimmer.leftPosition' value='93.0'/>
  <property name='com.shmuelzon.HomeAssistantFloorPlan.climate.wohnzimmer.topPosition' value='44.0'/>
  <property name='com.shmuelzon.HomeAssistantFloorPlan.light.arbeitszimmer.isRgb' value='true'/>
  <property name='com.shmuelzon.HomeAssistantFloorPlan.light.arbeitszimmer1.isRgb' value='true'/>
  <property name='com.shmuelzon.HomeAssistantFloorPlan.light.bad1.isRgb' value='true'/>
  <property name='com.shmuelzon.HomeAssistantFloorPlan.light.bad2.isRgb' value='true'/>
  <property name='com.shmuelzon.HomeAssistantFloorPlan.light.eingang1.isRgb' value='true'/>
  <property name='com.shmuelzon.HomeAssistantFloorPlan.light.eingang1.leftPosition' value='33.9328776709545'/>
  <property name='com.shmuelzon.HomeAssistantFloorPlan.light.eingang1.topPosition' value='44.46'/>
  <property name='com.shmuelzon.HomeAssistantFloorPlan.light.eingang2.isRgb' value='true'/>
  <property name='com.shmuelzon.HomeAssistantFloorPlan.light.eingang2.leftPosition' value='33.93'/>
  <property name='com.shmuelzon.HomeAssistantFloorPlan.light.eingang2.topPosition' value='48.0'/>
  <property name='com.shmuelzon.HomeAssistantFloorPlan.light.eingang_ambiente.isRgb' value='true'/>
  <property name='com.shmuelzon.HomeAssistantFloorPlan.light.kueche1.isRgb' value='true'/>
  <property name='com.shmuelzon.HomeAssistantFloorPlan.light.kueche1.leftPosition' value='70.0'/>
  <property name='com.shmuelzon.HomeAssistantFloorPlan.light.kueche1.topPosition' value='62.0'/>
  <property name='com.shmuelzon.HomeAssistantFloorPlan.light.kueche2.isRgb' value='true'/>
  <property name='com.shmuelzon.HomeAssistantFloorPlan.light.kueche2.leftPosition' value='70.0'/>
  <property name='com.shmuelzon.HomeAssistantFloorPlan.light.kueche2.topPosition' value='68.0'/>
  <property name='com.shmuelzon.HomeAssistantFloorPlan.light.lines.isRgb' value='true'/>
  <property name='com.shmuelzon.HomeAssistantFloorPlan.light.schlafzimmer1.isRgb' value='true'/>
  <property name='com.shmuelzon.HomeAssistantFloorPlan.light.shapes.isRgb' value='true'/>
  <property name='com.shmuelzon.HomeAssistantFloorPlan.light.wohnzimmer1.isRgb' value='true'/>
  <property name='com.shmuelzon.HomeAssistantFloorPlan.light.wohnzimmer1.leftPosition' value='41.0'/>
  <property name='com.shmuelzon.HomeAssistantFloorPlan.light.wohnzimmer1.topPosition' value='62.0'/>
  <property name='com.shmuelzon.HomeAssistantFloorPlan.light.wohnzimmer2.isRgb' value='true'/>
  <property name='com.shmuelzon.HomeAssistantFloorPlan.light.wohnzimmer2.leftPosition' value='41.0'/>
  <property name='com.shmuelzon.HomeAssistantFloorPlan.light.wohnzimmer2.topPosition' value='68.0'/>
  <property name='com.shmuelzon.HomeAssistantFloorPlan.light.wohnzimmer3.isRgb' value='true'/>
  <property name='com.shmuelzon.HomeAssistantFloorPlan.light.wohnzimmer3.leftPosition' value='28.999999999999996'/>
  <property name='com.shmuelzon.HomeAssistantFloorPlan.light.wohnzimmer3.topPosition' value='68.0'/>
  <property name='com.shmuelzon.HomeAssistantFloorPlan.light.wohnzimmer4.isRgb' value='true'/>
  <property name='com.shmuelzon.HomeAssistantFloorPlan.light.wohnzimmer4.leftPosition' value='28.999999999999996'/>
  <property name='com.shmuelzon.HomeAssistantFloorPlan.light.wohnzimmer4.topPosition' value='62.0'/>
  <property name='com.shmuelzon.HomeAssistantFloorPlan.media_player.arbeitszimmer.tapAction' value='MORE_INFO'/>
  <property name='com.shmuelzon.HomeAssistantFloorPlan.media_player.bad.tapAction' value='MORE_INFO'/>
  <property name='com.shmuelzon.HomeAssistantFloorPlan.media_player.schlafzimmer.tapAction' value='MORE_INFO'/>
  <property name='com.shmuelzon.HomeAssistantFloorPlan.media_player.wohnbereich.tapAction' value='MORE_INFO'/>
  <property name='com.shmuelzon.HomeAssistantFloorPlan.outputDirectoryName' value='C:\Users\leo\OneDrive\99_Sonstige\SweetHome3D\homeassistant'/>
  <property name='com.shmuelzon.HomeAssistantFloorPlan.quality' value='HIGH'/>
  <property name='com.shmuelzon.HomeAssistantFloorPlan.renderHeigh' value='1920'/>
  <property name='com.shmuelzon.HomeAssistantFloorPlan.renderTime' value='1756711800000,1756755000000'/>
  <property name='com.shmuelzon.HomeAssistantFloorPlan.renderWidth' value='1080'/>
  <property name='com.shmuelzon.HomeAssistantFloorPlan.renderer' value='SUNFLOW'/>
  <property name='com.shmuelzon.HomeAssistantFloorPlan.useExistingRenders' value='true'/>
  <environment groundColor='FF000000' skyColor='00CCE4FC' lightColor='00909090'/>
  <observerCamera attribute='observerCamera' lens='PINHOLE' x='355.3872' y='896.74164' z='170.0' yaw='5.904384' pitch='0.20132865' fieldOfView='1.0995575' time='1760270400000'/>
  <camera attribute='topCamera' lens='PINHOLE' x='352.63782' y='915.60333' z='950.5699' yaw='-273.31567' pitch='1.3623008' fieldOfView='1.0995575' time='1760256000067' renderer='com.eteks.sweethome3d.j3d.YafarayRenderer'/>
  <camera attribute='storedCamera' id='camera-29a4e6db-f25b-4cb7-8f47-7b2d622057d0' name='top' lens='PINHOLE' x='352.63846' y='915.3868' z='943.3463' yaw='-273.31567' pitch='1.3623008' fieldOfView='1.0995575' time='1760256000067' renderer='com.eteks.sweethome3d.j3d.YafarayRenderer'/>
  <pieceOfFurniture name='Harp' model='2/uploads_files_3006265_harp.obj' x='114.86639' y='1190.3276' angle='0.2617994' width='40.0' depth='105.0' depthInPlan='105.00001' height='160.0' modelSize='861078'>
    <material name='default' color='FF65300D' shininess='0.0'/>
  </pieceOfFurniture>
  <pieceOfFurniture catalogId='LucaPresidente#water' name='Toilet bathroom' creator='LucaPresidente' model='4/water.obj' x='169.33188' y='722.2289' angle='3.144567' width='36.0' depth='55.7' height='45.25' modelSize='913841'/>
  <furnitureGroup name='Waschbasin' x='264.60815' y='719.19464' angle='3.138608' width='120.000015' depth='59.286133' height='91.9' movable='false'>
    <pieceOfFurniture catalogId='Snduc#meubleSalleDeBain' name='Washbasin with cabinet' creator='Snduc' model='6' x='234.6084' y='719.3273' angle='3.138608' width='60.0' depth='59.2' height='91.9' modelSize='1012061' movable='false'>
      <material name='bone1' color='FF675747'/>
      <material name='gold' color='00000000'/>
      <material name='ltbrown' color='FF675747' shininess='0.0'/>
      <material name='silver' shininess='1.0'>
        <texture name='Aluminium' creator='Ola-Kristian Hoff' catalogId='OlaKristianHoff#alu_siding_greyscale2' width='6.4' height='6.4' image='7'/>
      </material>
      <material name='white' shininess='0.6640625'/>
    </pieceOfFurniture>
    <pieceOfFurniture catalogId='Snduc#meubleSalleDeBain' name='Washbasin with cabinet' creator='Snduc' model='6' x='294.60788' y='719.0621' angle='3.138608' width='60.0' depth='59.2' height='91.9' modelSize='1012061' movable='false'>
      <material name='bone1' color='FF675747' shininess='0.0'/>
      <material name='gold' color='00000000'/>
      <material name='ltbrown' color='FF675747' shininess='0.0'/>
      <material name='silver' shininess='1.0'>
        <texture name='Aluminium' creator='Ola-Kristian Hoff' catalogId='OlaKristianHoff#alu_siding_greyscale2' width='6.4' height='6.4' image='7'/>
      </material>
      <material name='white' shininess='0.7265625'/>
    </pieceOfFurniture>
  </furnitureGroup>
  <pieceOfFurniture catalogId='LucaPresidente#water' name='Toilet WC' creator='LucaPresidente' model='4/water.obj' x='612.2283' y='516.3284' angle='0.0023735762' width='36.0' depth='55.7' height='45.25' modelSize='913841'/>
  <pieceOfFurniture catalogId='OlaKristianHoff#wash_basin_corner' name='Corner washbasin' creator='Ola-Kristian Hoff' model='9/wash_basin_corner.obj' x='568.45953' y='595.3484' elevation='15.0' angle='3.1462474' width='25.879627' depth='26.98841' depthInPlan='26.988417' height='81.0' modelSize='24562'/>
  <pieceOfFurniture catalogId='Scopia#clothes_washing_machine' name='Clothes washing machine' creator='Scopia' model='11/clothes_washing_machine.obj' x='500.87878' y='516.4359' angle='1.5707964' width='59.0' depth='60.100002' height='84.200005' modelSize='94793'/>
  <pieceOfFurniture catalogId='eTeks#wardrobe' name='Wardrobe' creator='eTeks' model='13' x='500.78198' y='543.91016' angle='1.5707964' width='150.0' depth='69.0' height='250.0' modelSize='23218'/>
  <pieceOfFurniture catalogId='Bettinelli#desserte' name='Cart' creator='Gaël Bettinelli' model='15/desserte.obj' x='498.9447' y='1161.7072' width='46.7' depth='37.2' height='85.8' modelSize='218947'/>
  <furnitureGroup name='Kitchen' x='567.8568' y='964.4236' width='162.83899' depth='400.49994' height='235.0' movable='false'>
    <pieceOfFurniture catalogId='eTeks#kitchenCabinet' name='Kitchen cabinet' creator='eTeks' model='17' x='537.8873' y='799.283' width='102.9' widthInPlan='102.900024' depth='64.0' height='85.0' color='FF675747' modelSize='11366' movable='false'/>
    <pieceOfFurniture catalogId='eTeks#dishwasher' name='Dishwasher' creator='eTeks' model='19' x='616.7763' y='991.5737' angle='1.5707964' width='60.0' depth='65.0' height='85.0' color='FF675747' modelSize='7169'/>
    <pieceOfFurniture catalogId='eTeks#kitchenCabinet' name='Kitchen cabinet' creator='eTeks' model='17' x='619.2763' y='796.17365' angle='3.1415927' width='60.0' depth='64.0' height='235.0' color='FF675747' modelSize='11366' movable='false'/>
    <pieceOfFurniture catalogId='eTeks#kitchenCabinet' name='Kitchen cabinet' creator='eTeks' model='17' x='617.2763' y='863.22363' angle='1.5707964' width='70.1' depth='64.0' height='235.0' color='FF675747' modelSize='11366' movable='false'/>
    <pieceOfFurniture catalogId='Omari#piano_cottura' name='Cooker' creator='Ben Omari' model='21/piano_cottura_Scene.obj' x='618.4763' y='1051.5737' angle='1.5707964' width='60.0' depth='61.600002' height='86.200005' heightInPlan='86.199974' modelSize='18685'>
      <material name='INOXs.002' color='FF675747'/>
      <material name='Zi' color='FF000000'/>
    </pieceOfFurniture>
    <pieceOfFurniture catalogId='eTeks#kitchenUpperCabinet' name='Kitchen upper cabinet' creator='eTeks' model='23' x='629.2263' y='1031.4736' elevation='145.0' angle='1.5707964' width='266.4' depth='40.100002' height='90.0' color='FF675747' modelSize='11850'/>
    <pieceOfFurniture catalogId='Blend Swap CC-0#sinkCabinet2' name='Sink cabinet' creator='Vladoffsky' model='25/sinkCabinet2.obj' x='620.2763' y='929.87354' angle='1.5707964' width='63.2' depth='58.0' depthInPlan='57.999992' height='116.5' modelSize='343504'>
      <material name='cabinetBaseboard' color='FF675747'/>
      <material name='cabinetBody' color='FF675747'/>
      <material name='cabinetDoor' color='FF675747'/>
      <material name='cabinetDoorBorder' color='FF675747'/>
      <material name='cabinetHandle' color='FF675747'/>
      <material name='counter' color='FF675747'/>
      <material name='counterBorder' color='FF675747'/>
      <material name='metal' color='FF000000'/>
      <material name='sink' color='FF000000'/>
    </pieceOfFurniture>
    <pieceOfFurniture catalogId='eTeks#kitchenCabinet' name='Kitchen cabinet' creator='eTeks' model='17' x='617.2763' y='1122.5239' angle='1.5707964' width='81.9' widthInPlan='81.90003' depth='64.0' height='85.0' color='FF675747' modelSize='11366' movable='false'/>
    <pieceOfFurniture catalogId='eTeks#kitchenCabinet' name='Kitchen cabinet' creator='eTeks' model='17' x='590.30975' y='929.9236' angle='1.5707964' width='63.3' widthInPlan='63.30003' depth='4.7000003' depthInPlan='4.700001' height='85.0' color='FF675747' modelSize='11366' movable='false'/>
    <pieceOfFurniture catalogId='Scopia#induction-cooker-2-zones' name='Induction cooker 2 zones' creator='Scopia' model='27/induction-cooker-2-zones.obj' x='618.7652' y='969.25525' elevation='85.0' angle='1.5707964' width='24.7' widthInPlan='24.699999' depth='43.4' depthInPlan='43.399994' height='0.4' heightInPlan='0.40000004' color='FF000000' shininess='0.0' modelSize='19880'/>
    <pieceOfFurniture catalogId='Toomy#savon' name='Soap kitchen' creator='Toomy' model='29/savon.obj' x='644.199' y='912.03876' elevation='85.24817' width='7.0' depth='5.8' height='16.7' modelSize='16730'/>
    <pieceOfFurniture catalogId='Toomy#percolateur' name='Coffee machine' creator='Toomy' model='31/percolateur.obj' x='621.4918' y='1139.1101' elevation='85.0' angle='1.5707964' width='20.5' depth='30.4' height='27.9' modelSize='100033'>
      <material name='gris_fonce' color='FF8F8F8F' shininess='1.0'/>
    </pieceOfFurniture>
  </furnitureGroup>
  <pieceOfFurniture catalogId='Scopia#modern_armchair' name='Modern armchair' creator='Scopia' model='33/modern_armchair.obj' x='347.2589' y='1031.6238' angle='4.712389' width='63.100002' depth='52.9' height='72.0' modelSize='686718'>
    <material name='black_plastic' shininess='0.0'/>
    <material name='blueplastic' shininess='0.0'>
      <texture name='Fabric 062' creator='ambientCG.com' catalogId='ambientcg#Fabric062' width='40.0' height='40.0' image='34'/>
    </material>
    <material name='metal' shininess='0.0'>
      <texture name='Wooden floor' creator='eTeks' catalogId='eTeks#woodenFloor' width='42.5' height='42.5' image='35'/>
    </material>
    <material name='white' shininess='0.0'>
      <texture name='Fabric 062' creator='ambientCG.com' catalogId='ambientcg#Fabric062' width='40.0' height='40.0' image='34'/>
    </material>
  </pieceOfFurniture>
  <pieceOfFurniture catalogId='Blend Swap CC-BY#table' name='Table' creator='Jay-Artist' model='37/table.obj' x='416.68607' y='994.5548' angle='1.5707964' width='144.3' depth='93.4' height='72.4' modelSize='38731'/>
  <pieceOfFurniture catalogId='Scopia#modern_armchair' name='Modern armchair' creator='Scopia' model='33/modern_armchair.obj' x='346.14117' y='963.1308' angle='4.712389' width='63.100002' depth='52.9' height='72.0' modelSize='686718'>
    <material name='black_plastic' shininess='0.0'/>
    <material name='blueplastic' shininess='0.0'>
      <texture name='Fabric 062' creator='ambientCG.com' catalogId='ambientcg#Fabric062' width='40.0' height='40.0' image='34'/>
    </material>
    <material name='metal' shininess='0.0'>
      <texture name='Wooden floor' creator='eTeks' catalogId='eTeks#woodenFloor' width='42.5' height='42.5' image='35'/>
    </material>
    <material name='white' shininess='0.0'>
      <texture name='Fabric 062' creator='ambientCG.com' catalogId='ambientcg#Fabric062' width='40.0' height='40.0' image='34'/>
    </material>
  </pieceOfFurniture>
  <pieceOfFurniture catalogId='Scopia#modern_armchair' name='Modern armchair' creator='Scopia' model='33/modern_armchair.obj' x='483.35028' y='962.5725' angle='1.5707964' width='63.100002' depth='52.9' height='72.0' modelSize='686718'>
    <material name='black_plastic' shininess='0.0'/>
    <material name='blueplastic' shininess='0.0'>
      <texture name='Fabric 062' creator='ambientCG.com' catalogId='ambientcg#Fabric062' width='40.0' height='40.0' image='34'/>
    </material>
    <material name='metal' shininess='0.0'>
      <texture name='Wooden floor' creator='eTeks' catalogId='eTeks#woodenFloor' width='42.5' height='42.5' image='35'/>
    </material>
    <material name='white' shininess='0.0'>
      <texture name='Fabric 062' creator='ambientCG.com' catalogId='ambientcg#Fabric062' width='40.0' height='40.0' image='34'/>
    </material>
  </pieceOfFurniture>
  <pieceOfFurniture catalogId='Scopia#modern_armchair' name='Modern armchair' creator='Scopia' model='33/modern_armchair.obj' x='484.24384' y='1032.5173' angle='1.5707964' width='63.100002' depth='52.9' height='72.0' modelSize='686718'>
    <material name='black_plastic' shininess='0.0'/>
    <material name='blueplastic' shininess='0.0'>
      <texture name='Fabric 062' creator='ambientCG.com' catalogId='ambientcg#Fabric062' width='40.0' height='40.0' image='34'/>
    </material>
    <material name='metal' shininess='0.0'>
      <texture name='Wooden floor' creator='eTeks' catalogId='eTeks#woodenFloor' width='42.5' height='42.5' image='35'/>
    </material>
    <material name='white' shininess='0.0'>
      <texture name='Fabric 062' creator='ambientCG.com' catalogId='ambientcg#Fabric062' width='40.0' height='40.0' image='34'/>
    </material>
  </pieceOfFurniture>
  <pieceOfFurniture catalogId='Scopia#dart_game' name='Dart game' creator='Scopia' model='39/dart_game.obj' x='297.57855' y='782.5525' elevation='150.0' width='45.3' depth='16.300001' height='45.3' modelSize='133266'/>
  <pieceOfFurniture catalogId='Puybaret#mirror' name='Mirror bathroom' creator='Emmanuel Puybaret' model='41/mirror.obj' x='240.38962' y='750.3525' elevation='84.0' angle='3.1415927' width='210.0' depth='0.1' depthInPlan='0.10000001' height='166.0' modelSize='7802'/>
  <pieceOfFurniture catalogId='Puybaret#mirror' name='Mirror WC' creator='Emmanuel Puybaret' model='41/mirror.obj' x='555.4063' y='548.92786' elevation='84.0' angle='4.712389' width='120.0' depth='0.1' depthInPlan='0.10000001' height='166.0' modelSize='7802'/>
  <pieceOfFurniture catalogId='Puybaret#mirror' name='Mirror eingang' creator='Emmanuel Puybaret' model='41/mirror.obj' x='503.30603' y='618.96014' angle='1.7484555E-7' width='64.0' depth='0.1' depthInPlan='0.10000001' height='250.0' shininess='0.5' modelSize='7802'>
    <material name='Material_mirror.jpg' shininess='1.0'/>
  </pieceOfFurniture>
  <pieceOfFurniture catalogId='PeterSmolik#officeChair3' name='Office chair' creator='Peter Smolik' model='43/officeChair3.obj' x='550.25635' y='363.80798' angle='4.712389' width='55.9' depth='56.4' height='107.0' modelSize='448819'>
    <material name='OfficeChair3_1' color='FFFFFFFF' shininess='0.0'/>
    <material name='OfficeChair3_2' color='FF000000'/>
  </pieceOfFurniture>
  <pieceOfFurniture catalogId='Geantick#tourPC' name='PC Tower' creator='Geantick' model='45' x='606.049' y='428.8394' elevation='30.254974' angle='1.5707964' width='19.876833' depth='39.105408' height='37.197983' heightInPlan='37.19798' color='FF000000' modelSize='49635'/>
  <pieceOfFurniture catalogId='Blend Swap CC-0#technicalTable1' name='Technical table' creator='Redsymbzone' model='47/technicalTable1.obj' x='609.2763' y='368.5' angle='1.5707964' width='180.0' depth='80.0' height='75.01138' heightInPlan='75.011375' modelSize='32837'>
    <material name='Kanter'>
      <texture name='Wood Floor 010' creator='ambientCG.com' catalogId='ambientcg#WoodFloor010' width='100.0' height='100.0' image='48'/>
    </material>
    <material name='Kanter.003' color='FF000000' shininess='0.0'/>
    <material name='Material' color='FF000000' shininess='0.0'/>
    <material name='Material.007' shininess='0.0'>
      <texture name='Wood Floor 010' creator='ambientCG.com' catalogId='ambientcg#WoodFloor010' width='100.0' height='100.0' image='48'/>
    </material>
    <material name='Material.015' color='FF000000' shininess='0.0'/>
    <material name='Material.022' color='FF000000' shininess='0.0'/>
    <material name='Plast2' color='FF000000' shininess='0.0'/>
  </pieceOfFurniture>
  <pieceOfFurniture catalogId='Blend Swap CC-BY#laptop' name='Laptop' creator='Mayollo' model='50/laptop.obj' x='621.45953' y='437.49588' elevation='75.0' angle='2.0943952' width='33.9' depth='25.300001' height='26.6' modelSize='474604'/>
  <pieceOfFurniture catalogId='Geantick#clavier' name='Keyboard' creator='Geantick' model='52' x='613.2379' y='386.097' elevation='75.0' angle='1.5707964' width='42.5' depth='13.900001' height='2.1000001' modelSize='105243'/>
  <pieceOfFurniture catalogId='Geantick#clavier' name='Keyboard' creator='Geantick' model='52' x='610.6751' y='325.77655' elevation='75.0' angle='1.5707964' width='42.5' depth='13.900001' height='2.1000001' color='FFFFFFFF' modelSize='105243'/>
  <pieceOfFurniture catalogId='Jabberwalky#curvedTVForTable' name='Curved TV' creator='Jabberwalky' model='54/curvedTVForTable.obj' x='638.9079' y='390.50824' elevation='75.0' angle='1.6126171' width='53.5' depth='9.0' height='38.5' heightInPlan='38.499996' modelSize='9687'/>
  <pieceOfFurniture catalogId='Jabberwalky#curvedTVForTable' name='Curved TV' creator='Jabberwalky' model='54/curvedTVForTable.obj' x='638.4546' y='333.4376' elevation='75.0' angle='1.5270059' width='57.0' depth='9.5' height='38.5' heightInPlan='38.500004' modelSize='9687'/>
  <pieceOfFurniture catalogId='Geantick#souris' name='Mouse' creator='Geantick' model='56' x='604.2863' y='415.62372' elevation='75.0' angle='1.6069878' width='6.0' depth='10.1' height='2.4' modelRotation='0 0 -1 0 1 0 1 0 0' modelSize='33060'/>
  <pieceOfFurniture catalogId='Geantick#souris' name='Mouse' creator='Geantick' model='56' x='612.19904' y='354.2364' elevation='75.0' angle='1.6069878' width='6.0' depth='10.1' height='2.4' modelRotation='0 0 -1 0 1 0 1 0 0' modelSize='33060'/>
  <pieceOfFurniture catalogId='Scopia#tablet' name='Tablet' creator='Scopia' model='58/tablet.obj' x='592.86414' y='290.42004' elevation='75.0' angle='1.578595' width='17.0' depth='24.0' height='0.8' modelSize='42868'/>
  <pieceOfFurniture catalogId='LucaPresidente#credenza' name='Sideboard' creator='LucaPresidente' model='60/credenza.obj' x='625.2763' y='194.0' angle='1.5707964' width='157.0' depth='48.0' height='78.0' modelSize='441669'>
    <material name='Box04_1' color='FFFFFFFF' shininess='0.375'/>
    <material name='Box07_5'>
      <texture name='Wood 005' creator='ambientCG.com' catalogId='ambientcg#Wood005' width='100.0' height='100.0' image='61'/>
    </material>
  </pieceOfFurniture>
  <shelfUnit catalogId='Blend Swap CC-0#verticalShelves' name='Vertical shelves' creator='jclevet.net' model='63/verticalShelves.obj' x='69.5' y='1055.2007' angle='4.712389' width='44.0' depth='39.0' height='185.0' modelSize='48129'>
    <material name='Blanc' shininess='0.0'/>
    <material name='Material.001' color='FFFFFFFF' shininess='0.0'/>
    <material name='Material.003' color='FFFFFFFF' shininess='0.0'/>
  </shelfUnit>
  <pieceOfFurniture catalogId='Blend Swap CC-BY#couch3' name='Couch' creator='MatBot' model='65/couch3.obj' x='399.96423' y='265.37778' angle='4.712389' width='201.0' depth='90.9' height='84.3' modelSize='530760'>
    <material name='Base' shininess='0.0'>
      <texture name='Fabric 019' creator='ambientCG.com' catalogId='ambientcg#Fabric019' width='100.0' height='100.0' image='66'/>
    </material>
    <material name='Cushion'>
      <texture name='Fabric 045' creator='ambientCG.com' catalogId='ambientcg#Fabric045' width='100.0' height='100.0' image='67'/>
    </material>
    <material name='Feet' shininess='0.984375'>
      <texture name='Metal 052 A' creator='ambientCG.com' catalogId='ambientcg#Metal052A' width='100.0' height='100.0' image='68'/>
    </material>
  </pieceOfFurniture>
  <pieceOfFurniture catalogId='Kator Legaz#filing-cabinet' name='Filing cabinet' creator='Kator Legaz' model='70/filing-cabinet.obj' x='624.7763' y='91.0' angle='1.5707964' width='49.0' depth='49.0' height='60.0' color='FFFFFFFF' modelSize='18538'/>
  <pieceOfFurniture catalogId='Kator Legaz#filing-cabinet' name='Filing cabinet' creator='Kator Legaz' model='70/filing-cabinet.obj' x='624.7763' y='91.0' elevation='60.0' angle='1.5707964' width='49.0' depth='49.0' height='60.0' color='FFFFFFFF' modelSize='18538'/>
  <pieceOfFurniture catalogId='Scopia#playstation4' name='PlayStation' creator='Scopia' model='72/playstation4.obj' x='618.2429' y='208.44531' elevation='78.0' angle='1.5707964' width='32.7' depth='29.5' height='5.5' modelSize='55926'/>
  <pieceOfFurniture catalogId='Scopia#ps4-joystick' name='Joystick' creator='Scopia' model='74/ps4-joystick.obj' x='618.34143' y='239.3893' elevation='78.0' angle='1.0471976' width='16.2' depth='10.6' height='6.2000003' modelSize='192307'>
    <material name='base' color='FF0030E1'/>
  </pieceOfFurniture>
  <pieceOfFurniture catalogId='Scopia#ps4-joystick' name='Joystick' creator='Scopia' model='74/ps4-joystick.obj' x='617.4844' y='172.54169' elevation='78.0' angle='0.7853982' width='16.2' depth='10.6' height='6.2000003' modelSize='192307'>
    <material name='base' color='FFFFFFFF'/>
  </pieceOfFurniture>
  <pieceOfFurniture catalogId='Blend Swap CC-0#led_tv' name='TV' creator='Nhumrod' model='76/led_tv.obj' x='640.4929' y='206.11124' elevation='78.0' angle='1.5707964' width='105.0' depth='15.0' height='70.0' heightInPlan='69.99999' modelSize='679106'/>
  <pieceOfFurniture catalogId='Scopia#tv-remote-control' name='TV remote control' creator='Scopia' model='78/tv-remote-control.obj' x='614.454' y='255.48276' elevation='78.0' angle='4.712389' width='4.5' depth='18.0' height='1.7' modelSize='99470'/>
  <pieceOfFurniture catalogId='Scopia#CCTV' name='camera.eingangsbereich_hochauflosung' creator='Scopia' model='80/CCTV.obj' x='599.2429' y='775.3242' elevation='235.0' pitch='3.1415927' width='14.0' depth='14.0' depthInPlan='14.000001' height='11.7' heightInPlan='11.700001' modelSize='50586'>
    <material name='whiteplastic' color='FF000000'/>
  </pieceOfFurniture>
  <doorOrWindow catalogId='OlaKristianHoff#glass_door_framless' name='Glass door' creator='Ola-Kristian Hoff' model='82/glass_door_framless.obj' x='350.48245' y='612.5492' angle='1.5676887' width='89.0' depth='9.0' height='250.0' modelSize='22234' movable='false' cutOutShape='M0,0 v1 h1 v-1 z' wallCutOutOnBothSides='true'>
    <material name='Hingeclamps' color='00000000'/>
  </doorOrWindow>
  <shelfUnit catalogId='OlaKristianHoff#shelves_storage_wood2' name='Wood shelves' creator='Ola-Kristian Hoff' model='84/shelves_storage_wood2.obj' x='230.92163' y='587.4949' angle='6.280867' width='42.0' depth='38.0' height='122.96661' modelSize='19969'/>
  <doorOrWindow catalogId='OlaKristianHoff#glass_door_framless' name='Glass door' creator='Ola-Kristian Hoff' model='82/glass_door_framless.obj' x='613.5' y='613.92755' angle='3.1415927' width='65.0' depth='10.00075' height='250.0' modelSize='22234' movable='false' cutOutShape='M0,0 v1 h1 v-1 z' wallCutOutOnBothSides='true'>
    <material name='Hingeclamps' color='00000000'/>
  </doorOrWindow>
  <doorOrWindow catalogId='eTeks#openDoor' name='Open door' creator='eTeks' model='86' x='398.7257' y='434.08148' angle='3.1415925' width='91.5' depth='68.0' height='250.0' modelMirrored='true' modelSize='14055' movable='false' cutOutShape='M0,0 v1 h1 v-1 z' wallCutOutOnBothSides='true'>
    <material name='yellowbrt' shininess='1.0'>
      <texture name='Metal 001' creator='ambientCG.com' catalogId='ambientcg#Metal001' width='100.0' height='100.0' image='87'/>
    </material>
  </doorOrWindow>
  <doorOrWindow catalogId='eTeks#openDoor' name='Open door' creator='eTeks' model='86' x='319.5' y='514.90717' angle='1.5707964' width='91.5' depth='68.0' height='250.0' modelMirrored='true' modelSize='14055' movable='false' cutOutShape='M0,0 v1 h1 v-1 z' wallCutOutOnBothSides='true'>
    <material name='yellowbrt' shininess='1.0'>
      <texture name='Metal 001' creator='ambientCG.com' catalogId='ambientcg#Metal001' width='100.0' height='100.0' image='87'/>
    </material>
  </doorOrWindow>
  <doorOrWindow catalogId='SeberRider#frenchWindow2' name='French window' creator='Seber Rider' model='89/frenchWindow2.obj' x='294.3003' y='48.0' angle='1.7484555E-7' width='100.0' depth='37.00075' height='250.0' modelMirrored='true' modelSize='174517' movable='false' wallCutOutOnBothSides='true'>
    <material name='Inside_Inner_Frame' color='FF343434'/>
    <material name='Inside_Outer_Frame' color='FF343434'/>
    <material name='Inside_Walls' color='00000000'/>
    <material name='Outside_Ledge' color='00000000'/>
    <material name='Roller_Shutter' color='00000000'/>
    <material name='Roller_Shutter_Crank' color='00000000'/>
    <material name='Roller_Shutter_Crank_Connector' color='00000000'/>
    <material name='Roller_Shutter_Crank_Handles' color='00000000'/>
    <material name='Roller_Shutter_Crank_Stub' color='00000000'/>
    <material name='Roller_Shutter_Foot' color='00000000'/>
    <material name='Window_Handle' shininess='0.515625'>
      <texture name='Aluminium' creator='Ola-Kristian Hoff' catalogId='OlaKristianHoff#alu_siding_greyscale2' width='6.4' height='6.4' image='7'/>
    </material>
  </doorOrWindow>
  <doorOrWindow catalogId='SeberRider#frenchWindow2' name='French window' creator='Seber Rider' model='89/frenchWindow2.obj' x='404.86142' y='48.0' angle='1.7484555E-7' width='100.0' depth='37.00075' height='250.0' modelSize='174517' movable='false' wallCutOutOnBothSides='true'>
    <material name='Inside_Inner_Frame' color='FF343434'/>
    <material name='Inside_Outer_Frame' color='FF343434'/>
    <material name='Inside_Walls' color='00000000'/>
    <material name='Outside_Ledge' color='00000000'/>
    <material name='Roller_Shutter' color='00000000'/>
    <material name='Roller_Shutter_Crank' color='00000000'/>
    <material name='Roller_Shutter_Crank_Connector' color='00000000'/>
    <material name='Roller_Shutter_Crank_Handles' color='00000000'/>
    <material name='Roller_Shutter_Crank_Stub' color='00000000'/>
    <material name='Roller_Shutter_Foot' color='00000000'/>
    <material name='Window_Handle' shininess='0.515625'>
      <texture name='Aluminium' creator='Ola-Kristian Hoff' catalogId='OlaKristianHoff#alu_siding_greyscale2' width='6.4' height='6.4' image='7'/>
    </material>
  </doorOrWindow>
  <pieceOfFurniture name='Glass' creator='leo' model='91/home.obj' x='349.59775' y='47.89954' angle='4.712389' width='36.36521' depth='9.594055' depthInPlan='9.594054' height='249.2'/>
  <doorOrWindow catalogId='OlaKristianHoff#glass_door_framless' name='Glass door' creator='Ola-Kristian Hoff' model='82/glass_door_framless.obj' x='667.7763' y='684.0463' angle='4.712389' width='111.0' depth='37.00075' height='250.0' modelMirrored='true' modelSize='22234' movable='false' cutOutShape='M0,0 v1 h1 v-1 z' wallCutOutOnBothSides='true'>
    <material name='Hingeclamps' color='00000000'/>
  </doorOrWindow>
  <doorOrWindow catalogId='SeberRider#frenchWindow2' name='French window' creator='Seber Rider' model='89/frenchWindow2.obj' x='308.8333' y='1210.4882' angle='2.730071' width='110.0' depth='10.0' height='250.0' modelSize='174517' movable='false' wallCutOutOnBothSides='true'>
    <material name='Inside_Inner_Frame' color='FF343434'/>
    <material name='Inside_Outer_Frame' color='FF343434'/>
    <material name='Inside_Walls' color='00000000'/>
    <material name='Outside_Ledge' color='00000000'/>
    <material name='Outside_Walls' color='FF343434'/>
    <material name='Roller_Shutter' color='00000000'/>
    <material name='Roller_Shutter_Crank' color='00000000'/>
    <material name='Roller_Shutter_Crank_Connector' color='00000000'/>
    <material name='Roller_Shutter_Crank_Handles' color='00000000'/>
    <material name='Roller_Shutter_Crank_Stub' color='00000000'/>
    <material name='Roller_Shutter_Foot' color='00000000'/>
    <material name='Window_Handle' shininess='0.515625'>
      <texture name='Aluminium' creator='Ola-Kristian Hoff' catalogId='OlaKristianHoff#alu_siding_greyscale2' width='6.4' height='6.4' image='7'/>
    </material>
  </doorOrWindow>
  <doorOrWindow catalogId='SeberRider#frenchWindow2' name='French window' creator='Seber Rider' model='89/frenchWindow2.obj' x='413.11157' y='1190.0' angle='3.1415927' width='115.0' depth='10.00075' height='250.0' modelMirrored='true' modelSize='174517' movable='false' wallCutOutOnBothSides='true'>
    <material name='Inside_Inner_Frame' color='FF343434'/>
    <material name='Inside_Outer_Frame' color='FF343434'/>
    <material name='Inside_Walls' color='00000000'/>
    <material name='Outside_Ledge' color='00000000'/>
    <material name='Outside_Walls' color='FF343434'/>
    <material name='Roller_Shutter' color='00000000'/>
    <material name='Roller_Shutter_Crank' color='00000000'/>
    <material name='Roller_Shutter_Crank_Connector' color='00000000'/>
    <material name='Roller_Shutter_Crank_Handles' color='00000000'/>
    <material name='Roller_Shutter_Crank_Stub' color='00000000'/>
    <material name='Roller_Shutter_Foot' color='00000000'/>
    <material name='Window_Handle' shininess='0.515625'>
      <texture name='Aluminium' creator='Ola-Kristian Hoff' catalogId='OlaKristianHoff#alu_siding_greyscale2' width='6.4' height='6.4' image='7'/>
    </material>
  </doorOrWindow>
  <doorOrWindow catalogId='SeberRider#frenchWindow2' name='French window' creator='Seber Rider' model='89/frenchWindow2.obj' x='162.19102' y='1274.4884' angle='5.871664' width='232.0' depth='10.0' height='250.0' modelSize='174517' movable='false' wallCutOutOnBothSides='true'>
    <material name='Inside_Inner_Frame' color='FF343434'/>
    <material name='Inside_Outer_Frame' color='FF343434'/>
    <material name='Inside_Walls' color='00000000'/>
    <material name='Outside_Ledge' color='00000000'/>
    <material name='Outside_Walls' color='FF343434'/>
    <material name='Roller_Shutter' color='00000000'/>
    <material name='Roller_Shutter_Crank' color='00000000'/>
    <material name='Roller_Shutter_Crank_Connector' color='00000000'/>
    <material name='Roller_Shutter_Crank_Handles' color='00000000'/>
    <material name='Roller_Shutter_Crank_Stub' color='00000000'/>
    <material name='Roller_Shutter_Foot' color='00000000'/>
    <material name='Window_Handle' color='00000000' shininess='0.515625'/>
    <material name='Window_Handle_Button' color='00000000'/>
    <material name='Window_Hinges' color='00000000'/>
  </doorOrWindow>
  <doorOrWindow catalogId='SeberRider#frenchWindow2' name='French window' creator='Seber Rider' model='89/frenchWindow2.obj' x='558.8265' y='1190.0' width='185.0' depth='10.00075' height='250.0' modelSize='174517' movable='false' wallCutOutOnBothSides='true'>
    <material name='Inside_Inner_Frame' color='FF343434'/>
    <material name='Inside_Outer_Frame' color='FF343434'/>
    <material name='Inside_Walls' color='00000000'/>
    <material name='Outside_Ledge' color='00000000'/>
    <material name='Outside_Walls' color='FF343434'/>
    <material name='Roller_Shutter' color='00000000'/>
    <material name='Roller_Shutter_Crank' color='00000000'/>
    <material name='Roller_Shutter_Crank_Connector' color='00000000'/>
    <material name='Roller_Shutter_Crank_Handles' color='00000000'/>
    <material name='Roller_Shutter_Crank_Stub' color='00000000'/>
    <material name='Roller_Shutter_Foot' color='00000000'/>
    <material name='Window_Handle' color='00000000' shininess='0.515625'/>
    <material name='Window_Handle_Button' color='00000000'/>
    <material name='Window_Hinges' color='00000000'/>
  </doorOrWindow>
  <pieceOfFurniture catalogId='eTeks#wardrobe' name='Wardrobe' creator='eTeks' model='13' x='148.0' y='93.090744' width='196.0' depth='52.0' height='180.0' modelSize='23218'>
    <material name='default' shininess='0.0'/>
    <material name='white' shininess='0.0'/>
  </pieceOfFurniture>
  <pieceOfFurniture catalogId='Puybaret#mirror' name='Mirror' creator='Emmanuel Puybaret' model='41/mirror.obj' x='173.13315' y='117.63135' width='49.0' depth='0.1' height='180.0' modelSize='7802'>
    <material name='Material_mirror.jpg' shininess='1.0'/>
  </pieceOfFurniture>
  <pieceOfFurniture catalogId='eTeks#wardrobe' name='Wardrobe' creator='eTeks' model='13' x='148.0672' y='522.45056' angle='3.1415927' width='196.0' depth='52.0' height='180.0' modelSize='23218'>
    <material name='default' shininess='0.0'/>
    <material name='white' shininess='0.0'/>
  </pieceOfFurniture>
  <pieceOfFurniture catalogId='Puybaret#mirror' name='Mirror' creator='Emmanuel Puybaret' model='41/mirror.obj' x='123.112885' y='497.40125' angle='3.1415927' width='49.0' depth='0.1' height='180.0' modelSize='7802'>
    <material name='Material_mirror.jpg' shininess='1.0'/>
  </pieceOfFurniture>
  <pieceOfFurniture catalogId='Blend Swap CC-0#bedsideTable2' name='Bedside table' creator='Nhumrod' model='93/bedsideTable2.obj' x='74.05001' y='421.55066' angle='4.712389' width='48.600002' depth='48.100002' height='45.4' modelSize='39241'>
    <material name='bed_venge' color='FFF0F0F0'/>
    <material name='bedside_handle_galvanized' color='00000000'/>
    <material name='bedside_table_feet' color='00000000'/>
  </pieceOfFurniture>
  <pieceOfFurniture catalogId='Blend Swap CC-0#bedsideTable2' name='Bedside table' creator='Nhumrod' model='93/bedsideTable2.obj' x='74.05' y='195.4152' angle='4.712389' width='48.600002' depth='48.100002' height='45.4' modelSize='39241'>
    <material name='bed_venge' color='FFF0F0F0'/>
    <material name='bedside_handle_galvanized' color='00000000'/>
    <material name='bedside_table_feet' color='00000000'/>
  </pieceOfFurniture>
  <pieceOfFurniture catalogId='Scopia#cardboard-box' name='Cardboard box' creator='Scopia' model='95/cardboard-box.obj' x='54.5' y='308.43777' angle='4.712389' width='168.0' depth='9.0' height='115.0' modelSize='90876'>
    <material name='cardboard'>
      <texture name='Fabric 062' creator='ambientCG.com' catalogId='ambientcg#Fabric062' width='40.0' height='40.0' image='34'/>
    </material>
    <material name='tape' color='00000000'/>
  </pieceOfFurniture>
  <pieceOfFurniture catalogId='Blend Swap CC-0#bed3' name='Bed' creator='SVAFnemesis' model='97/bed3.obj' x='164.1' y='307.8419' angle='4.712389' width='202.2' depth='228.2' height='114.200005' modelSize='868684'>
    <material name='Bed' shininess='0.0'>
      <texture name='Fabric 062' creator='ambientCG.com' catalogId='ambientcg#Fabric062' width='40.0' height='40.0' image='34'/>
    </material>
    <material name='Blanquet'>
      <texture name='beddeckeQ1' width='100.0' height='100.0' image='98'/>
    </material>
    <material name='Frame' shininess='0.0'>
      <texture name='Fabric 062' creator='ambientCG.com' catalogId='ambientcg#Fabric062' width='40.0' height='40.0' image='34'/>
    </material>
    <material name='Mattress'>
      <texture name='Fabric 019' creator='ambientCG.com' catalogId='ambientcg#Fabric019' width='100.0' height='100.0' image='66'/>
    </material>
    <material name='Pillow'>
      <texture name='beddecke' width='307.2407' height='200.0' image='99'/>
    </material>
  </pieceOfFurniture>
  <pieceOfFurniture catalogId='Kator Legaz#bathmat' name='Bathmat' creator='Kator Legaz' model='101/bathmat.obj' x='168.1' y='430.36923' width='140.0' depth='70.0' height='1.4' modelSize='29312'>
    <texture name='Fabric 032' creator='ambientCG.com' catalogId='ambientcg#Fabric032' width='100.0' height='100.0' image='102'/>
  </pieceOfFurniture>
  <pieceOfFurniture catalogId='Blend Swap CC-BY#tulip' name='Tulips' creator='Nmn9' model='104/tulip.obj' x='416.55304' y='1028.698' elevation='72.4' width='25.0' depth='26.0' height='30.0' modelSize='2448145'/>
  <pieceOfFurniture catalogId='Blend Swap CC-BY#tulips' name='Tulips' creator='Nad451' model='106/tulips.obj' x='61.499992' y='435.2206' elevation='45.4' angle='4.712389' width='23.0' depth='23.0' height='42.7' modelSize='1485968'/>
  <pieceOfFurniture catalogId='Blend Swap CC-BY#spatifilum' name='Spathiphyllum' creator='HeraSK' model='108/spatifilum.obj' x='633.2763' y='133.0' elevation='78.0' angle='1.5707964' width='35.0' depth='32.0' height='45.0' modelSize='3884670'/>
  <pieceOfFurniture catalogId='Blend Swap CC-0#augalas' name='Plant' creator='MZiemys' model='110/augalas.obj' x='515.9625' y='1154.5718' elevation='85.8' angle='0.2617994' width='23.0' depth='14.0' height='17.0' modelSize='570616'/>
  <pieceOfFurniture catalogId='Blend Swap CC-0#littlePlant' name='Little plant' creator='Rameshrj' model='112/littlePlant.obj' x='484.27667' y='1151.4141' elevation='85.8' width='15.0' depth='16.0' height='23.2' modelSize='225096'/>
  <pieceOfFurniture catalogId='Blend Swap CC-0#plant' name='Plant' creator='Ndakasha' model='114/plant.obj' x='511.18134' y='1170.023' elevation='85.8' angle='3.1415927' width='25.0' depth='21.0' height='28.0' heightInPlan='27.999996' modelSize='598218'/>
  <pieceOfFurniture catalogId='Kator Legaz#spray-bottle' name='Spray bottle' creator='Kator Legaz' model='116/spray-bottle.obj' x='492.135' y='1161.3823' elevation='25.0' angle='3.1415927' width='9.0' depth='9.0' height='21.0' modelSize='203091'/>
  <pieceOfFurniture catalogId='Blend Swap CC-0#decorativePlant' name='Decorative plant' creator='MZiemys' model='118/decorativePlant.obj' x='489.18134' y='1168.4648' elevation='85.8' angle='3.1415927' width='19.0' depth='19.0' height='32.0' modelSize='1710240'/>
  <pieceOfFurniture catalogId='Blend Swap CC-0#cactus' name='Cactus' creator='Evivivi' model='120/cactus.obj' x='497.77667' y='1150.6174' elevation='85.8' width='12.0' depth='10.0' depthInPlan='10.000001' height='17.0' modelSize='635445'/>
  <pieceOfFurniture catalogId='Blend Swap CC-0#pianoBench' name='Piano bench' creator='Simonrepp' model='122/pianoBench.obj' x='132.30446' y='1137.147' angle='0.2617994' width='61.9' depth='35.5' height='52.2' modelSize='394611'>
    <material name='Glossy_Coating'>
      <texture name='Wood 005' creator='ambientCG.com' catalogId='ambientcg#Wood005' width='100.0' height='100.0' image='61'/>
    </material>
    <material name='Leather' shininess='0.0'>
      <texture name='Red sponge wallpaint' creator='Scopia' catalogId='eTeksScopia#red-sponge-wallpaint' width='100.0' height='100.0' image='123'/>
    </material>
  </pieceOfFurniture>
  <pieceOfFurniture catalogId='Blend Swap CC-0#basketball' name='media_player.bad' creator='SEspider' model='125/basketball.obj' x='265.01785' y='743.3025' elevation='79.0' angle='3.1415927' width='14.0' depth='14.0' height='14.0' color='FF6F6F6F' modelSize='120390'/>
  <pieceOfFurniture catalogId='Blend Swap CC-0#basketball' name='media_player.wohnbereich' creator='SEspider' model='125/basketball.obj' x='608.21326' y='880.1252' elevation='233.0' angle='3.1415927' width='14.0' depth='14.0' height='14.0' color='FF343434' modelSize='120390'/>
  <pieceOfFurniture catalogId='Blend Swap CC-0#basketball' name='media_player.schlafzimmer' creator='SEspider' model='125/basketball.obj' x='59.0' y='413.9419' elevation='45.0' angle='3.1415927' width='10.0' depth='10.0' height='10.0' color='FF6F6F6F' modelSize='120390'/>
  <furnitureGroup name='Echo Show' x='634.36' y='287.21902' elevation='75.01138' angle='3.1415927' width='17.782898' depth='24.0' height='19.9963'>
    <pieceOfFurniture catalogId='Scopia#tablet' name='media_player.arbeitszimmer' creator='Scopia' model='58/tablet.obj' x='628.64923' y='287.21902' elevation='79.0' angle='3.1415927' roll='1.2217305' width='17.0' widthInPlan='6.3614807' depth='24.0' height='0.8' heightInPlan='16.007683' modelSize='42868'>
      <material name='tablet' color='FFFFFFFF'/>
    </pieceOfFurniture>
    <pieceOfFurniture catalogId='Kator Legaz#bullet-trash-can' name='Bullet trash can' creator='Kator Legaz' model='127/bullet-trash-can.obj' x='635.7514' y='286.68045' elevation='75.01138' angle='1.5707964' width='15.0' depth='15.0' height='15.0' color='FFB1B1B1' shininess='0.0' modelSize='75517'/>
  </furnitureGroup>
  <pieceOfFurniture catalogId='Scopia#curtain' name='Curtain' creator='Scopia' model='129/curtain.obj' x='611.7763' y='1182.4996' elevation='2.0' angle='3.1415927' width='75.0' depth='5.0' height='245.0' color='FF675747' modelSize='295322'/>
  <pieceOfFurniture catalogId='Scopia#curtain' name='Curtain' creator='Scopia' model='129/curtain.obj' x='78.495346' y='1302.8335' elevation='2.0' angle='2.730071' width='60.0' depth='5.0' height='245.0' color='FF675747' modelSize='295322'/>
  <furnitureGroup name='Towels' x='231.87753' y='586.95807' elevation='67.26997' width='31.999985' depth='31.0' height='20.430038'>
    <pieceOfFurniture catalogId='Scopia#com_bath3_toalla' name='Towel' creator='Scopia' model='131/com_bath3_toalla.obj' x='231.46536' y='586.4026' elevation='67.26997' width='31.175621' depth='29.889038' height='3.4' color='FF8DB186' modelSize='274187'/>
    <pieceOfFurniture catalogId='Scopia#com_bath3_toalla' name='Towel' creator='Scopia' model='131/com_bath3_toalla.obj' x='232.18604' y='586.47736' elevation='77.50001' width='31.175621' depth='29.889038' height='3.4' color='FFCB969A' modelSize='274187'/>
    <pieceOfFurniture catalogId='Scopia#com_bath3_toalla' name='Towel' creator='Scopia' model='131/com_bath3_toalla.obj' x='232.23788' y='587.51355' elevation='70.700005' width='31.175621' depth='29.889038' height='3.4' color='FFCB969A' modelSize='274187'/>
    <pieceOfFurniture catalogId='Scopia#com_bath3_toalla' name='Towel' creator='Scopia' model='131/com_bath3_toalla.obj' x='232.18604' y='586.47736' elevation='74.100006' width='31.175621' depth='29.889038' height='3.4' color='FF8DB186' modelSize='274187'/>
    <pieceOfFurniture catalogId='Scopia#com_bath3_toalla' name='Towel' creator='Scopia' model='131/com_bath3_toalla.obj' x='232.23788' y='586.55194' elevation='80.90001' width='31.175621' depth='29.889038' height='3.4' color='FF8DB186' modelSize='274187'/>
    <pieceOfFurniture catalogId='Scopia#com_bath3_toalla' name='Towel' creator='Scopia' model='131/com_bath3_toalla.obj' x='232.28973' y='586.47736' elevation='84.30001' width='31.175621' depth='29.889038' height='3.4' color='FFCB969A' modelSize='274187'/>
  </furnitureGroup>
  <furnitureGroup name='Towels small' x='237.08073' y='584.36926' elevation='94.394966' width='23.0' depth='18.000061' height='20.430038'>
    <pieceOfFurniture catalogId='Scopia#com_bath3_toalla' name='Towel' creator='Scopia' model='131/com_bath3_toalla.obj' x='236.78445' y='584.0468' elevation='94.394966' width='22.407436' depth='17.355042' height='3.4' color='FF8DB186' modelSize='274187'/>
    <pieceOfFurniture catalogId='Scopia#com_bath3_toalla' name='Towel' creator='Scopia' model='131/com_bath3_toalla.obj' x='237.30244' y='584.09015' elevation='104.625' width='22.407436' depth='17.355042' height='3.4' color='FFCB969A' modelSize='274187'/>
    <pieceOfFurniture catalogId='Scopia#com_bath3_toalla' name='Towel' creator='Scopia' model='131/com_bath3_toalla.obj' x='237.33972' y='584.69183' elevation='97.825' width='22.407436' depth='17.355042' height='3.4' color='FFCB969A' modelSize='274187'/>
    <pieceOfFurniture catalogId='Scopia#com_bath3_toalla' name='Towel' creator='Scopia' model='131/com_bath3_toalla.obj' x='237.30244' y='584.09015' elevation='101.225' width='22.407436' depth='17.355042' height='3.4' color='FF8DB186' modelSize='274187'/>
    <pieceOfFurniture catalogId='Scopia#com_bath3_toalla' name='Towel' creator='Scopia' model='131/com_bath3_toalla.obj' x='237.33972' y='584.1337' elevation='108.025' width='22.407436' depth='17.355042' height='3.4' color='FF8DB186' modelSize='274187'/>
    <pieceOfFurniture catalogId='Scopia#com_bath3_toalla' name='Towel' creator='Scopia' model='131/com_bath3_toalla.obj' x='237.37701' y='584.09015' elevation='111.425' width='22.407436' depth='17.355042' height='3.4' color='FFCB969A' modelSize='274187'/>
  </furnitureGroup>
  <furnitureGroup name='Towels very small' x='230.25554' y='576.05786' elevation='121.51995' width='16.972412' depth='9.0' height='13.630028'>
    <pieceOfFurniture catalogId='Scopia#com_bath3_toalla' name='Towel' creator='Scopia' model='131/com_bath3_toalla.obj' x='230.05032' y='575.8966' elevation='121.51995' width='16.56199' depth='8.677544' height='3.4' color='FF8DB186' modelSize='274187'/>
    <pieceOfFurniture catalogId='Scopia#com_bath3_toalla' name='Towel' creator='Scopia' model='131/com_bath3_toalla.obj' x='230.43318' y='575.91815' elevation='131.74998' width='16.56199' depth='8.677544' height='3.4' color='FFCB969A' modelSize='274187'/>
    <pieceOfFurniture catalogId='Scopia#com_bath3_toalla' name='Towel' creator='Scopia' model='131/com_bath3_toalla.obj' x='230.46074' y='576.21906' elevation='124.94998' width='16.56199' depth='8.677544' height='3.4' color='FFCB969A' modelSize='274187'/>
    <pieceOfFurniture catalogId='Scopia#com_bath3_toalla' name='Towel' creator='Scopia' model='131/com_bath3_toalla.obj' x='230.43318' y='575.91815' elevation='128.34998' width='16.56199' depth='8.677544' height='3.4' color='FF8DB186' modelSize='274187'/>
  </furnitureGroup>
  <pieceOfFurniture catalogId='Blend Swap CC-0#towel2' name='Towel' creator='Wfg5001' model='133/towel2.obj' x='90.69455' y='574.7196' elevation='59.0' width='18.5' depth='12.0' depthInPlan='11.999999' height='129.0' modelSize='204958'>
    <material name='towel_1' color='FFCB969A'/>
  </pieceOfFurniture>
  <pieceOfFurniture catalogId='Blend Swap CC-0#towel2' name='Towel' creator='Wfg5001' model='133/towel2.obj' x='116.515656' y='574.7196' elevation='59.0' width='18.5' depth='12.0' depthInPlan='11.999999' height='129.0' modelSize='204958'>
    <material name='towel_1' color='FF829F7D'/>
  </pieceOfFurniture>
  <pieceOfFurniture catalogId='Blend Swap CC-0#towel2' name='Towel' creator='Wfg5001' model='133/towel2.obj' x='66.65082' y='574.7196' elevation='87.0' width='18.5' depth='12.0' depthInPlan='11.999999' height='100.0' modelSize='204958'>
    <material name='towel_1' color='FFCB969A'/>
  </pieceOfFurniture>
  <pieceOfFurniture catalogId='Blend Swap CC-0#towel3' name='Towel rack' creator='Wfg5001' model='135/towel3.obj' x='169.11281' y='572.6882' elevation='120.0' angle='6.280867' width='59.600002' depth='8.1' height='47.8' modelSize='78625'>
    <material name='towel_1' color='FF829F7D'/>
  </pieceOfFurniture>
  <pieceOfFurniture catalogId='Blend Swap CC-0#towel2' name='Towel' creator='Wfg5001' model='133/towel2.obj' x='560.45636' y='565.09503' elevation='22.0' angle='4.712389' width='19.0' depth='10.0' depthInPlan='9.999999' height='51.0' modelSize='204958'>
    <material name='towel_1' color='FF8DB186'/>
  </pieceOfFurniture>
  <pieceOfFurniture catalogId='Blend Swap CC-0#toiletPaperDispenser' name='Toilet paper dispenser WC' creator='Nhumrod' model='137/toiletPaperDispenser.obj' x='560.482' y='522.6255' elevation='60.0' angle='4.712389' width='15.6' depth='10.400001' height='18.5' modelSize='698074'/>
  <pieceOfFurniture catalogId='Blend Swap CC-0#toiletPaperDispenser' name='Toilet paper dispenser bathroom' creator='Nhumrod' model='137/toiletPaperDispenser.obj' x='199.34717' y='706.65686' elevation='60.0' angle='1.5707964' width='15.6' depth='10.400001' height='18.5' modelSize='698074'/>
  <pieceOfFurniture catalogId='Blend Swap CC-0#toiletBrush' name='Toilet brush bathroom' creator='Nhumrod' model='139/toiletBrush.obj' x='194.9355' y='743.95245' elevation='20.0' angle='3.1415927' width='9.6' depth='12.900001' height='38.600002' modelSize='607256'/>
  <pieceOfFurniture catalogId='Blend Swap CC-0#toiletBrush' name='Toilet brush WC' creator='Nhumrod' model='139/toiletBrush.obj' x='581.70966' y='494.95' elevation='20.0' angle='1.7484555E-7' width='9.6' depth='12.900001' height='38.600002' modelSize='607256'/>
  <pieceOfFurniture catalogId='Bettinelli#poubelleInox' name='Trash can WC' creator='Gaël Bettinelli' model='141/poubelleInox.obj' x='563.41125' y='499.27286' angle='5.7595863' width='10.0' depth='10.0' height='17.0' heightInPlan='16.999994' modelSize='78538'/>
  <pieceOfFurniture catalogId='Kator Legaz#bathmat' name='Shoe carpet' creator='Kator Legaz' model='101/bathmat.obj' x='509.07214' y='632.13696' width='80.0' depth='23.746338' depthInPlan='23.746334' height='1.4' modelSize='29312'>
    <texture name='Asphalt 002' creator='ambientCG.com' catalogId='ambientcg#Asphalt002' width='100.0' height='100.0' image='142'/>
  </pieceOfFurniture>
  <pieceOfFurniture catalogId='Toomy#savon' name='Soap bathroom' creator='Toomy' model='29/savon.obj' x='280.376' y='743.9745' elevation='82.0' angle='3.1353626' width='7.0' depth='5.8' height='16.7' color='FF343434' modelSize='16730'/>
  <pieceOfFurniture catalogId='Toomy#potBrossesADent' name='Tooth brushes and paste' creator='Toomy' model='144/potBrossesADent.obj' x='251.68387' y='744.737' elevation='82.0' angle='3.1415927' width='7.2000003' depth='8.7' height='18.2' modelSize='77240'>
    <material name='bordeaux' color='FF1B5156'/>
  </pieceOfFurniture>
  <pieceOfFurniture catalogId='Blend Swap CC-0#shower' name='Shower head and faucet' creator='Wfg5001' model='146/shower.obj' x='92.593834' y='723.50244' elevation='115.0' angle='3.1415927' width='20.800001' depth='53.8' height='114.3' modelSize='96924' movable='false'/>
  <pieceOfFurniture catalogId='Puybaret#WaterLilyFrame' name='Frame Water Lily' creator='Emmanuel Puybaret' model='148/WaterLilyFrame.obj' x='608.40125' y='489.3' elevation='145.0' angle='1.7484555E-7' width='40.0' depth='1.6' height='30.0' modelSize='42282'/>
  <pieceOfFurniture catalogId='Puybaret#LakeMoraineFrame' name='Frame Lake Moraine' creator='Emmanuel Puybaret' model='150/LakeMoraineFrame.obj' x='50.8' y='308.44092' elevation='150.0' angle='4.712389' width='73.5' depth='1.6' height='47.9' modelSize='38727'/>
  <pieceOfFurniture catalogId='Puybaret#TucanFrame' name='Frame Tucan' creator='Emmanuel Puybaret' model='152/TucanFrame.obj' x='648.4763' y='134.42337' elevation='150.0' angle='1.5707964' width='48.7' depth='1.6' height='47.9' modelSize='35878'/>
  <pieceOfFurniture catalogId='Puybaret#SquirrelFrame' name='Frame Squirrel' creator='Emmanuel Puybaret' model='154/SquirrelFrame.obj' x='649.2263' y='365.43253' elevation='142.0' angle='1.5707964' width='64.0' widthInPlan='64.00001' depth='0.1' depthInPlan='0.10000002' height='85.0' modelSize='35700'/>
  <pieceOfFurniture catalogId='Scopia#frame2' name='Frame Hôi An' creator='Scopia &amp; Emmanuel Puybaret' model='156/frame2.obj' x='59.671234' y='194.80295' elevation='45.4' angle='4.712389' width='14.5' depth='14.5' height='19.9' modelSize='41616'/>
  <pieceOfFurniture catalogId='Puybaret#YosemiteFrame' name='Frame Yosemite' creator='Emmanuel Puybaret' model='158/YosemiteFrame.obj' x='648.4763' y='238.22504' elevation='150.0' angle='1.5707964' width='73.5' depth='1.6' height='47.8' modelSize='42826'/>
  <pieceOfFurniture catalogId='Puybaret#YosemiteFrame' name='Frame Yosemite' creator='Emmanuel Puybaret' model='158/YosemiteFrame.obj' x='50.8' y='939.7785' elevation='150.0' angle='4.712389' width='73.5' depth='1.6' height='47.8' modelSize='42826'/>
  <pieceOfFurniture catalogId='Puybaret#VeniceFrame' name='Frame Venice' creator='Emmanuel Puybaret' model='160/VeniceFrame.obj' x='149.19492' y='775.20245' elevation='150.0' width='73.5' depth='1.6' height='47.9' modelSize='23548'/>
  <pieceOfFurniture catalogId='PeterSmolik#flowers' name='Flowers' creator='Peter Smolik' model='162/flowers.obj' x='415.44104' y='976.92847' elevation='72.4' width='14.0' depth='11.0' height='33.0' modelSize='523445'>
    <material name='Flowers_3' color='FFFF61F6'/>
  </pieceOfFurniture>
  <light catalogId='Scopia#candle' name='Candle' creator='Scopia' model='164/candle.obj' x='414.86237' y='997.7196' elevation='72.4' width='8.0' depth='9.0' height='30.0' modelSize='80528'/>
  <pieceOfFurniture catalogId='Blend Swap CC-BY#towel' name='Towel' creator='Jay-Artist' model='166/towel.obj' x='644.7763' y='959.58514' elevation='90.0' angle='1.5707964' width='9.0' depth='9.0' height='37.0' modelSize='217780'/>
  <pieceOfFurniture catalogId='Blend Swap CC-BY#beer_bottle' name='Beer bottle' creator='Poifox' model='168/beer_bottle.obj' x='646.7263' y='1090.1979' elevation='85.0' angle='1.5707964' width='5.1' depth='5.1' height='20.0' modelSize='840472'/>
  <pieceOfFurniture catalogId='Scopia#bowl' name='Bowl' creator='Scopia' model='170/bowl.obj' x='636.1445' y='1000.40356' elevation='85.0' angle='1.5707964' width='18.0' depth='19.0' height='6.0' modelSize='57458'>
    <texture name='Wood 003' creator='ambientCG.com' catalogId='ambientcg#Wood003' width='100.0' height='100.0' image='171'/>
  </pieceOfFurniture>
  <furnitureGroup name='Balcony Wood Rail' x='648.65735' y='1288.7183' width='11.814392' depth='169.04944' height='250.0'>
    <pieceOfFurniture catalogId='eTeks#texturableBox' name='Box' creator='eTeks' model='173/texturableBox.obj' x='648.2502' y='1207.4435' width='11.0' depth='6.5' height='250.0' modelSize='1661'>
      <texture name='Wood 005' creator='ambientCG.com' catalogId='ambientcg#Wood005' width='100.0' height='100.0' image='61'/>
    </pieceOfFurniture>
    <pieceOfFurniture catalogId='eTeks#texturableBox' name='Box' creator='eTeks' model='173/texturableBox.obj' x='648.3263' y='1225.3925' width='11.0' depth='6.5' height='250.0' modelSize='1661'>
      <texture name='Wood 005' creator='ambientCG.com' catalogId='ambientcg#Wood005' width='100.0' height='100.0' image='61'/>
    </pieceOfFurniture>
    <pieceOfFurniture catalogId='eTeks#texturableBox' name='Box' creator='eTeks' model='173/texturableBox.obj' x='648.6954' y='1243.6345' width='11.0' depth='6.5' height='250.0' modelSize='1661'>
      <texture name='Wood 005' creator='ambientCG.com' catalogId='ambientcg#Wood005' width='100.0' height='100.0' image='61'/>
    </pieceOfFurniture>
    <pieceOfFurniture catalogId='eTeks#texturableBox' name='Box' creator='eTeks' model='173/texturableBox.obj' x='648.3263' y='1261.7242' width='11.0' depth='6.5' height='250.0' modelSize='1661'>
      <texture name='Wood 005' creator='ambientCG.com' catalogId='ambientcg#Wood005' width='100.0' height='100.0' image='61'/>
    </pieceOfFurniture>
    <pieceOfFurniture catalogId='eTeks#texturableBox' name='Box' creator='eTeks' model='173/texturableBox.obj' x='648.4024' y='1280.2594' width='11.0' depth='6.5' height='250.0' modelSize='1661'>
      <texture name='Wood 005' creator='ambientCG.com' catalogId='ambientcg#Wood005' width='100.0' height='100.0' image='61'/>
    </pieceOfFurniture>
    <pieceOfFurniture catalogId='eTeks#texturableBox' name='Box' creator='eTeks' model='173/texturableBox.obj' x='648.3263' y='1298.0562' width='11.0' depth='6.5' height='250.0' modelSize='1661'>
      <texture name='Wood 005' creator='ambientCG.com' catalogId='ambientcg#Wood005' width='100.0' height='100.0' image='61'/>
    </pieceOfFurniture>
    <pieceOfFurniture catalogId='eTeks#texturableBox' name='Box' creator='eTeks' model='173/texturableBox.obj' x='648.40247' y='1316.0052' width='11.0' depth='6.5' height='250.0' modelSize='1661'>
      <texture name='Wood 005' creator='ambientCG.com' catalogId='ambientcg#Wood005' width='100.0' height='100.0' image='61'/>
    </pieceOfFurniture>
    <pieceOfFurniture catalogId='eTeks#texturableBox' name='Box' creator='eTeks' model='173/texturableBox.obj' x='648.6193' y='1333.5088' width='11.0' depth='6.5' height='250.0' modelSize='1661'>
      <texture name='Wood 005' creator='ambientCG.com' catalogId='ambientcg#Wood005' width='100.0' height='100.0' image='61'/>
    </pieceOfFurniture>
    <pieceOfFurniture catalogId='eTeks#texturableBox' name='Box' creator='eTeks' model='173/texturableBox.obj' x='648.69543' y='1352.044' width='11.0' depth='6.5' height='250.0' modelSize='1661'>
      <texture name='Wood 005' creator='ambientCG.com' catalogId='ambientcg#Wood005' width='100.0' height='100.0' image='61'/>
    </pieceOfFurniture>
    <pieceOfFurniture catalogId='eTeks#texturableBox' name='Box' creator='eTeks' model='173/texturableBox.obj' x='649.0646' y='1369.9929' width='11.0' depth='6.5' height='250.0' modelSize='1661'>
      <texture name='Wood 005' creator='ambientCG.com' catalogId='ambientcg#Wood005' width='100.0' height='100.0' image='61'/>
    </pieceOfFurniture>
  </furnitureGroup>
  <furnitureGroup name='Balcony Wood Rail Small' x='48.89949' y='1355.2375' width='11.44519' depth='42.69104' height='250.0'>
    <pieceOfFurniture catalogId='eTeks#texturableBox' name='Box' creator='eTeks' model='173/texturableBox.obj' x='48.676895' y='1337.142' width='11.0' depth='6.5' height='250.0' modelSize='1661'>
      <texture name='Wood 005' creator='ambientCG.com' catalogId='ambientcg#Wood005' width='100.0' height='100.0' image='61'/>
    </pieceOfFurniture>
    <pieceOfFurniture catalogId='eTeks#texturableBox' name='Box' creator='eTeks' model='173/texturableBox.obj' x='48.753006' y='1355.091' width='11.0' depth='6.5' height='250.0' modelSize='1661'>
      <texture name='Wood 005' creator='ambientCG.com' catalogId='ambientcg#Wood005' width='100.0' height='100.0' image='61'/>
    </pieceOfFurniture>
    <pieceOfFurniture catalogId='eTeks#texturableBox' name='Box' creator='eTeks' model='173/texturableBox.obj' x='49.122086' y='1373.333' width='11.0' depth='6.5' height='250.0' modelSize='1661'>
      <texture name='Wood 005' creator='ambientCG.com' catalogId='ambientcg#Wood005' width='100.0' height='100.0' image='61'/>
    </pieceOfFurniture>
  </furnitureGroup>
  <furnitureGroup name='Balcony Rail' x='350.0282' y='1374.7068' width='590.8122' depth='4.0721436' height='87.8' movable='false'>
    <pieceOfFurniture catalogId='OlaKristianHoff#staircase_handrail_hor' name='Handrail' creator='Ola-Kristian Hoff' model='175/staircase_handrail_hor.obj' x='117.122086' y='1374.4208' width='125.0' depth='3.5' height='87.8' modelSize='31473' movable='false'>
      <texture name='Aluminium' creator='Ola-Kristian Hoff' catalogId='OlaKristianHoff#alu_siding_greyscale2' width='6.4' height='6.4' image='7'/>
    </pieceOfFurniture>
    <pieceOfFurniture catalogId='OlaKristianHoff#staircase_handrail_hor' name='Handrail' creator='Ola-Kristian Hoff' model='175/staircase_handrail_hor.obj' x='237.46803' y='1374.674' width='125.0' depth='3.5' height='87.8' modelSize='31473' movable='false'>
      <texture name='Aluminium' creator='Ola-Kristian Hoff' catalogId='OlaKristianHoff#alu_siding_greyscale2' width='6.4' height='6.4' image='7'/>
    </pieceOfFurniture>
    <pieceOfFurniture catalogId='OlaKristianHoff#staircase_handrail_hor' name='Handrail' creator='Ola-Kristian Hoff' model='175/staircase_handrail_hor.obj' x='357.643' y='1374.5918' width='125.0' depth='3.5' height='87.8' modelSize='31473' movable='false'>
      <texture name='Aluminium' creator='Ola-Kristian Hoff' catalogId='OlaKristianHoff#alu_siding_greyscale2' width='6.4' height='6.4' image='7'/>
    </pieceOfFurniture>
    <pieceOfFurniture catalogId='OlaKristianHoff#staircase_handrail_hor' name='Handrail' creator='Ola-Kristian Hoff' model='175/staircase_handrail_hor.obj' x='476.27002' y='1374.5098' width='125.0' depth='3.5' height='87.8' modelSize='31473' movable='false'>
      <texture name='Aluminium' creator='Ola-Kristian Hoff' catalogId='OlaKristianHoff#alu_siding_greyscale2' width='6.4' height='6.4' image='7'/>
    </pieceOfFurniture>
    <pieceOfFurniture catalogId='OlaKristianHoff#staircase_handrail_hor' name='Handrail' creator='Ola-Kristian Hoff' model='175/staircase_handrail_hor.obj' x='589.18427' y='1374.9929' width='112.5' depth='3.5' height='87.8' modelSize='31473' movable='false'>
      <texture name='Aluminium' creator='Ola-Kristian Hoff' catalogId='OlaKristianHoff#alu_siding_greyscale2' width='6.4' height='6.4' image='7'/>
    </pieceOfFurniture>
  </furnitureGroup>
  <furnitureGroup name='Rattan table' x='532.0805' y='1255.0004' width='120.158325' depth='120.0' height='61.000004'>
    <pieceOfFurniture catalogId='Scopia#rattanTable' name='Rattan table' creator='Scopia' model='177/rattanTable.obj' x='532.15967' y='1255.0004' width='120.0' depth='120.0' height='60.0' modelSize='58996'/>
    <pieceOfFurniture name='Glass' creator='leo' model='91/home.obj' x='532.00134' y='1255.0004' elevation='60.0' pitch='1.5707964' width='120.0' depth='1.0' depthInPlan='120.0' height='120.0' heightInPlan='1.0000052'/>
  </furnitureGroup>
  <pieceOfFurniture name='Glass WC' creator='leo' model='91/home.obj' x='565.5326' y='613.8745' width='20.5' depth='10.0' height='249.2'/>
  <pieceOfFurniture name='Glass bathroom' creator='leo' model='91/home.obj' x='350.38773' y='707.0234' angle='4.712389' width='86.12372' depth='9.915038' depthInPlan='9.915037' height='249.2'/>
  <pieceOfFurniture name='Glass shower' creator='leo' model='91/home.obj' x='132.8309' y='690.2663' angle='4.712389' width='120.47302' widthInPlan='120.47303' depth='1.56848' depthInPlan='1.5684797' height='249.2'/>
  <pieceOfFurniture name='Corner Sofa' model='179/Lonsdale%20Chaise%20Sectional.obj' x='188.15543' y='852.9011' width='271.25067' depth='153.6626' height='84.15831' shininess='0.0' modelSize='150973278'>
    <texture name='Fabric 044' creator='ambientCG.com' catalogId='ambientcg#Fabric044' width='100.0' height='100.0' image='180'/>
  </pieceOfFurniture>
  <light catalogId='Sheep#lustreBoule' name='light.schlafzimmer1' creator='Sheep' model='184' x='208.7139' y='311.66614' elevation='182.40001' width='40.0' depth='40.0' height='80.0' modelSize='510074'>
    <material name='flyellow' color='FFFFED8A'/>
  </light>
  <light catalogId='Sheep#lustreBoule' name='light.arbeitszimmer1' creator='Sheep' model='184' x='499.34027' y='271.7936' elevation='182.40001' width='30.0' depth='30.0' height='65.0' modelSize='510074'>
    <material name='flyellow' color='FFFFED8A'/>
  </light>
  <light catalogId='eTeks#spotlight' name='light.eingang1' creator='eTeks' model='182' x='453.75937' y='693.095' elevation='236.90001' angle='2.3561945' width='6.8' depth='9.900001' height='13.1' modelSize='9300'>
    <material name='dkgrey' color='FFFFFFFF' shininess='0.0'/>
    <material name='silver' color='FFFFFFFF'/>
  </light>
  <light catalogId='eTeks#spotlight' name='light.eingang2' creator='eTeks' model='182' x='455.10074' y='720.4011' elevation='236.90001' angle='4.712389' width='6.8' depth='9.900001' height='13.1' modelSize='9300'>
    <material name='dkgrey' color='FFFFFFFF' shininess='0.0'/>
    <material name='silver' color='FFFFFFFF'/>
  </light>
  <light catalogId='eTeks#wallUplight' name='light.eingang_ambiente' creator='eTeks' model='186' x='545.1068' y='622.99994' elevation='77.70068' width='15.95929' widthInPlan='15.959289' depth='7.9796143' height='26.0' modelSize='5211'/>
  <light catalogId='eTeks#spotlight' name='light.kueche1' creator='eTeks' model='182' x='530.0' y='971.79913' elevation='236.90001' angle='4.4505897' width='6.8' depth='9.900001' height='13.1' modelSize='9300'>
    <material name='dkgrey' color='FFFFFFFF' shininess='0.0'/>
    <material name='silver' color='FFFFFFFF'/>
  </light>
  <light catalogId='eTeks#spotlight' name='light.kueche2' creator='eTeks' model='182' x='530.0' y='996.1346' elevation='236.90001' angle='4.9741883' width='6.8' depth='9.900001' height='13.1' modelSize='9300'>
    <material name='dkgrey' color='FFFFFFFF' shininess='0.0'/>
    <material name='silver' color='FFFFFFFF'/>
  </light>
  <light catalogId='eTeks#spotlight' name='light.wohnzimmer1' creator='eTeks' model='182' x='275.85278' y='968.91223' elevation='236.90001' angle='3.926991' width='6.8' depth='9.900001' height='13.1' modelSize='9300'>
    <material name='dkgrey' color='FFFFFFFF' shininess='0.0'/>
    <material name='silver' color='FFFFFFFF'/>
  </light>
  <light catalogId='eTeks#spotlight' name='light.wohnzimmer2' creator='eTeks' model='182' x='276.05457' y='990.3173' elevation='236.90001' angle='5.497787' width='6.8' depth='9.900001' height='13.1' modelSize='9300'>
    <material name='dkgrey' color='FFFFFFFF' shininess='0.0'/>
    <material name='silver' color='FFFFFFFF'/>
  </light>
  <light catalogId='eTeks#spotlight' name='light.wohnzimmer3' creator='eTeks' model='182' x='252.36194' y='990.1154' elevation='236.90001' angle='0.7853982' width='6.8' depth='9.900001' height='13.1' modelSize='9300'>
    <material name='dkgrey' color='FFFFFFFF' shininess='0.0'/>
    <material name='silver' color='FFFFFFFF'/>
  </light>
  <light catalogId='eTeks#spotlight' name='light.wohnzimmer4' creator='eTeks' model='182' x='252.85129' y='968.221' elevation='236.90001' angle='2.3561945' width='6.8' widthInPlan='6.8000007' depth='9.900001' depthInPlan='9.900002' height='13.1' modelSize='9300'>
    <material name='dkgrey' color='FFFFFFFF' shininess='0.0'/>
    <material name='silver' color='FFFFFFFF'/>
  </light>
  <light name='light.lines' creator='leo' model='187/home.obj' x='537.82544' y='70.95001' elevation='130.0' width='107.1' depth='4.1' height='78.1' movable='false'/>
  <light catalogId='Puybaret#lightPanel' name='light.shapes' creator='Emmanuel Puybaret' model='191/lightPanel.obj' x='544.4354' y='458.3579' elevation='130.0' angle='3.1415927' pitch='1.5637165' width='120.0' depth='40.0' depthInPlan='0.28418946' height='0.001' heightInPlan='39.999004' modelSize='1096'/>
  <wall id='wall-13b2e35d-38ba-4b4d-a4ce-ff1bf119c815' wallAtStart='wall-da0da0c4-9f82-4175-8beb-e0f7e0cbd7c9' wallAtEnd='wall-3c213dc0-269e-4824-9752-58a54831b244' xStart='35.0' yStart='1330.0' xEnd='355.77625' yEnd='1190.0' height='250.0' thickness='10.0' pattern='hatchUp'>
    <texture attribute='leftSideTexture' name='White roughcast' creator='Scopia' catalogId='eTeksScopia#white-little-roughcast' width='70.0' height='70.0' image='197'/>
    <texture attribute='rightSideTexture' name='White roughcast' creator='Scopia' catalogId='eTeksScopia#white-little-roughcast' width='70.0' height='70.0' image='197'/>
  </wall>
  <wall id='wall-3c213dc0-269e-4824-9752-58a54831b244' wallAtStart='wall-13b2e35d-38ba-4b4d-a4ce-ff1bf119c815' wallAtEnd='wall-df2121ee-29af-4bca-8e3d-1924fb98886a' xStart='355.77625' yStart='1190.0' xEnd='667.7763' yEnd='1190.0' height='250.0' thickness='10.0' pattern='hatchUp'>
    <texture attribute='leftSideTexture' name='White roughcast' creator='Scopia' catalogId='eTeksScopia#white-little-roughcast' width='70.0' height='70.0' image='197'/>
    <texture attribute='rightSideTexture' name='White roughcast' creator='Scopia' catalogId='eTeksScopia#white-little-roughcast' width='70.0' height='70.0' image='197'/>
  </wall>
  <wall id='wall-5dd8da70-30d6-4d61-99f8-dc48e44a60b4' xStart='349.51422' yStart='66.21277' xEnd='349.5142' yEnd='563.5' height='250.0' thickness='10.0' pattern='hatchUp'>
    <texture attribute='leftSideTexture' name='White roughcast' creator='Scopia' catalogId='eTeksScopia#white-little-roughcast' width='70.0' height='70.0' image='197'/>
    <texture attribute='rightSideTexture' name='White roughcast' creator='Scopia' catalogId='eTeksScopia#white-little-roughcast' width='70.0' height='70.0' image='197'/>
  </wall>
  <wall id='wall-c889f8a6-94b2-413e-8e79-796ac465a5a5' xStart='535.4737' yStart='463.91016' xEnd='350.5378' yEnd='463.9102' height='250.0' thickness='10.0' pattern='hatchUp'>
    <texture attribute='leftSideTexture' name='White roughcast' creator='Scopia' catalogId='eTeksScopia#white-little-roughcast' width='70.0' height='70.0' image='197'/>
    <texture attribute='rightSideTexture' name='White roughcast' creator='Scopia' catalogId='eTeksScopia#white-little-roughcast' width='70.0' height='70.0' image='197'/>
  </wall>
  <wall id='wall-5cf35a92-b5c8-4630-bde7-3ee9f3ee1482' xStart='657.8664' yStart='473.5' xEnd='535.47363' yEnd='473.5' height='250.0' thickness='30.0' pattern='hatchUp'>
    <texture attribute='leftSideTexture' name='White roughcast' creator='Scopia' catalogId='eTeksScopia#white-little-roughcast' width='70.0' height='70.0' image='197'/>
    <texture attribute='rightSideTexture' name='White roughcast' creator='Scopia' catalogId='eTeksScopia#white-little-roughcast' width='70.0' height='70.0' image='197'/>
  </wall>
  <wall id='wall-3caa1802-c50b-4865-944b-381f987d3547' xStart='545.282' yStart='477.5351' xEnd='545.282' yEnd='618.80334' height='250.0' thickness='20.0' pattern='hatchUp'>
    <texture attribute='leftSideTexture' name='White roughcast' creator='Scopia' catalogId='eTeksScopia#white-little-roughcast' width='70.0' height='70.0' image='197'/>
    <texture attribute='rightSideTexture' name='White roughcast' creator='Scopia' catalogId='eTeksScopia#white-little-roughcast' width='70.0' height='70.0' image='197'/>
  </wall>
  <wall id='wall-d8014f2b-29a7-4f6b-ad16-a34ef265e0be' xStart='46.467163' yStart='762.40247' xEnd='354.92645' yEnd='762.40247' height='249.9' thickness='24.0' pattern='hatchUp'>
    <texture attribute='leftSideTexture' name='Asphalt 003' creator='ambientCG.com' catalogId='ambientcg#Asphalt003' width='100.0' height='100.0' image='195'/>
    <texture attribute='rightSideTexture' name='White roughcast' creator='Scopia' catalogId='eTeksScopia#white-little-roughcast' width='70.0' height='70.0' image='197'/>
  </wall>
  <wall id='wall-0c698781-e69c-47c5-b9f6-c63206cb6475' xStart='576.13116' yStart='613.92755' xEnd='654.63116' yEnd='613.92755' height='250.0' thickness='10.0' pattern='hatchUp'/>
  <wall id='wall-57d4885d-f2a0-4b40-a6d4-a5cc5b483f4b' wallAtEnd='wall-cd059a4f-c667-4520-a8d5-c4bd80ca2f21' xStart='35.0' yStart='30.0' xEnd='35.0' yEnd='558.72345' height='250.0' thickness='30.0' pattern='hatchUp'>
    <texture attribute='leftSideTexture' name='White roughcast' creator='Scopia' catalogId='eTeksScopia#white-little-roughcast' width='70.0' height='70.0' image='197'/>
  </wall>
  <wall id='wall-3a551137-e814-41f7-a812-7b53ee69dd59' wallAtEnd='wall-8d50be9d-83f4-41e1-88d8-b01b683db1c8' xStart='251.87766' yStart='563.5' xEnd='349.81033' yEnd='563.5' height='250.0' thickness='10.0' pattern='hatchUp'>
    <texture attribute='leftSideTexture' name='White roughcast' creator='Scopia' catalogId='eTeksScopia#white-little-roughcast' width='70.0' height='70.0' image='197'/>
  </wall>
  <wall id='wall-8d50be9d-83f4-41e1-88d8-b01b683db1c8' wallAtStart='wall-3a551137-e814-41f7-a812-7b53ee69dd59' xStart='349.81033' yStart='563.5' xEnd='354.92645' yEnd='563.5' height='250.0' thickness='10.0' pattern='hatchUp'/>
  <wall id='wall-cd059a4f-c667-4520-a8d5-c4bd80ca2f21' wallAtStart='wall-57d4885d-f2a0-4b40-a6d4-a5cc5b483f4b' wallAtEnd='wall-da0da0c4-9f82-4175-8beb-e0f7e0cbd7c9' xStart='35.0' yStart='558.72345' xEnd='35.0' yEnd='762.40247' height='250.0' thickness='30.0' pattern='hatchUp'>
    <texture attribute='leftSideTexture' name='Asphalt 003' creator='ambientCG.com' catalogId='ambientcg#Asphalt003' width='100.0' height='100.0' image='195'/>
  </wall>
  <wall id='wall-da0da0c4-9f82-4175-8beb-e0f7e0cbd7c9' wallAtStart='wall-cd059a4f-c667-4520-a8d5-c4bd80ca2f21' wallAtEnd='wall-13b2e35d-38ba-4b4d-a4ce-ff1bf119c815' xStart='35.0' yStart='762.40247' xEnd='35.0' yEnd='1330.0' height='250.0' thickness='30.0' pattern='hatchUp'>
    <texture attribute='leftSideTexture' name='White roughcast' creator='Scopia' catalogId='eTeksScopia#white-little-roughcast' width='70.0' height='70.0' image='197'/>
  </wall>
  <wall id='wall-4fcb9d8f-7eda-426c-a7cb-ee12f8cdc606' wallAtStart='wall-3bad4d9d-492d-4599-b726-fade77885e6b' xStart='35.0' yStart='48.0' xEnd='19.999939' yEnd='48.0' height='250.0' thickness='37.0' pattern='hatchUp'/>
  <wall id='wall-df2121ee-29af-4bca-8e3d-1924fb98886a' wallAtStart='wall-3c213dc0-269e-4824-9752-58a54831b244' wallAtEnd='wall-6d8cde09-3592-4c31-8532-0bb3af928780' xStart='667.7763' yStart='1190.0' xEnd='667.7763' yEnd='613.92755' height='250.0' thickness='37.0' pattern='hatchUp'/>
  <wall id='wall-6d8cde09-3592-4c31-8532-0bb3af928780' wallAtStart='wall-df2121ee-29af-4bca-8e3d-1924fb98886a' wallAtEnd='wall-9c9f1703-8ebb-4958-99b8-523e3169d340' xStart='667.7763' yStart='613.92755' xEnd='667.7763' yEnd='473.5' height='250.0' thickness='37.0' pattern='hatchUp'>
    <texture attribute='leftSideTexture' name='White roughcast' creator='Scopia' catalogId='eTeksScopia#white-little-roughcast' width='70.0' height='70.0' image='197'/>
  </wall>
  <wall id='wall-9c9f1703-8ebb-4958-99b8-523e3169d340' wallAtStart='wall-6d8cde09-3592-4c31-8532-0bb3af928780' wallAtEnd='wall-775440fb-33f1-4e10-bc39-215d92767345' xStart='667.7763' yStart='473.5' xEnd='667.7763' yEnd='48.0' height='250.0' thickness='37.0' pattern='hatchUp'>
    <texture attribute='leftSideTexture' name='White roughcast' creator='Scopia' catalogId='eTeksScopia#white-little-roughcast' width='70.0' height='70.0' image='197'/>
  </wall>
  <wall id='wall-775440fb-33f1-4e10-bc39-215d92767345' wallAtStart='wall-9c9f1703-8ebb-4958-99b8-523e3169d340' xStart='667.7763' yStart='48.0' xEnd='454.7763' yEnd='48.0' height='250.0' thickness='37.0' pattern='hatchUp'>
    <texture attribute='leftSideTexture' name='White roughcast' creator='Scopia' catalogId='eTeksScopia#white-little-roughcast' width='70.0' height='70.0' image='197'/>
  </wall>
  <wall id='wall-3bad4d9d-492d-4599-b726-fade77885e6b' wallAtEnd='wall-4fcb9d8f-7eda-426c-a7cb-ee12f8cdc606' xStart='245.0' yStart='48.0' xEnd='35.0' yEnd='48.0' height='250.0' thickness='37.0' pattern='hatchUp'>
    <texture attribute='leftSideTexture' name='White roughcast' creator='Scopia' catalogId='eTeksScopia#white-little-roughcast' width='70.0' height='70.0' image='197'/>
  </wall>
  <wall id='wall-7a2002f1-072a-40f8-bb60-04d6b8148485' xStart='349.81033' yStart='563.5' xEnd='349.81033' yEnd='664.5' height='250.0' thickness='10.0' pattern='hatchUp'>
    <texture attribute='leftSideTexture' name='White roughcast' creator='Scopia' catalogId='eTeksScopia#white-little-roughcast' width='70.0' height='70.0' image='197'/>
  </wall>
  <wall id='wall-6e30edc0-1817-45c8-a4dc-0bce70aa8a46' xStart='350.5378' yStart='774.2332' xEnd='350.5378' yEnd='750.13324' height='250.0' thickness='10.0' pattern='hatchUp'>
    <texture attribute='rightSideTexture' name='White roughcast' creator='Scopia' catalogId='eTeksScopia#white-little-roughcast' width='70.0' height='70.0' image='197'/>
  </wall>
  <wall id='wall-fadb1fcb-acdf-4ccb-98a6-37866ca82386' wallAtEnd='wall-2747bf09-e7f9-4fd0-bcba-21162c2965f6' xStart='37.95331' yStart='558.7196' xEnd='133.95331' yEnd='558.7196' height='250.0' thickness='20.0' pattern='hatchUp'>
    <texture attribute='leftSideTexture' name='White roughcast' creator='Scopia' catalogId='eTeksScopia#white-little-roughcast' width='70.0' height='70.0' image='197'/>
    <texture attribute='rightSideTexture' name='Asphalt 003' creator='ambientCG.com' catalogId='ambientcg#Asphalt003' width='100.0' height='100.0' image='195'/>
  </wall>
  <wall id='wall-2747bf09-e7f9-4fd0-bcba-21162c2965f6' wallAtStart='wall-fadb1fcb-acdf-4ccb-98a6-37866ca82386' xStart='133.95331' yStart='558.7196' xEnd='254.9071' yEnd='558.4392' height='250.0' thickness='20.0' pattern='hatchUp'>
    <texture attribute='leftSideTexture' name='White roughcast' creator='Scopia' catalogId='eTeksScopia#white-little-roughcast' width='70.0' height='70.0' image='197'/>
  </wall>
  <room id='room-63420951-172b-4478-b59e-6ee688a92039' name='Schlafzimmer' areaVisible='true' ceilingFlat='true'>
    <texture attribute='floorTexture' name='Asphalt 003' creator='ambientCG.com' catalogId='ambientcg#Asphalt003' width='100.0' height='100.0' image='195'/>
    <point x='344.51422' y='66.5'/>
    <point x='344.51422' y='468.21875'/>
    <point x='344.7948' y='558.5'/>
    <point x='254.90718' y='558.5'/>
    <point x='254.89418' y='548.4392'/>
    <point x='50.0' y='548.70404'/>
    <point x='50.0' y='66.5'/>
  </room>
  <room id='room-92f7b2b9-aa04-4dae-a404-422e0fc2e5a0' name='Arbeitszimmer' areaVisible='true' ceilingFlat='true'>
    <texture attribute='floorTexture' name='Asphalt 003' creator='ambientCG.com' catalogId='ambientcg#Asphalt003' width='100.0' height='100.0' image='195'/>
    <point x='649.2763' y='66.5'/>
    <point x='649.2763' y='458.5'/>
    <point x='535.47363' y='458.5'/>
    <point x='535.47363' y='458.91016'/>
    <point x='444.88824' y='458.91016'/>
    <point x='444.88824' y='459.06842'/>
    <point x='354.51422' y='459.06842'/>
    <point x='354.51422' y='66.5'/>
  </room>
  <room id='room-c4e91bf6-9781-4eb8-9ed9-c85e22c97e6f' name='Wohnbereich' areaVisible='true' floorShininess='0.25' ceilingFlat='true'>
    <texture attribute='floorTexture' name='Asphalt 003' creator='ambientCG.com' catalogId='ambientcg#Asphalt003' width='100.0' height='100.0' image='195'/>
    <point x='536.0096' y='468.91016'/>
    <point x='536.0096' y='477.5351'/>
    <point x='535.81793' y='477.5351'/>
    <point x='535.81793' y='618.80334'/>
    <point x='547.5531' y='618.80334'/>
    <point x='547.5531' y='618.92755'/>
    <point x='649.8123' y='618.92755'/>
    <point x='649.8123' y='1184.9998'/>
    <point x='355.26862' y='1184.9998'/>
    <point x='50.53595' y='1317.9978'/>
    <point x='50.53595' y='774.40247'/>
    <point x='346.0017' y='774.40247'/>
    <point x='346.00195' y='774.4748'/>
    <point x='356.0019' y='774.44366'/>
    <point x='355.36188' y='568.5'/>
    <point x='355.4624' y='568.5'/>
    <point x='355.4624' y='558.5'/>
    <point x='355.3308' y='558.5'/>
    <point x='355.05286' y='469.06842'/>
    <point x='450.61157' y='469.06842'/>
    <point x='450.61157' y='468.91016'/>
  </room>
  <room id='room-028c5146-4f61-490d-861f-02607da4d1d8' name='Bad' areaVisible='true' ceilingFlat='true'>
    <texture attribute='floorTexture' name='Asphalt 003' creator='ambientCG.com' catalogId='ambientcg#Asphalt003' width='100.0' height='100.0' image='195'/>
    <point x='251.87766' y='568.4431'/>
    <point x='251.87766' y='568.5'/>
    <point x='344.82587' y='568.5'/>
    <point x='345.39117' y='750.40247'/>
    <point x='50.0' y='750.40247'/>
    <point x='50.0' y='568.70404'/>
  </room>
  <room id='room-474e5509-f1b0-400b-bcce-15f6ea665a4e' name='WC' areaVisible='true' floorColor='FF858585' ceilingFlat='true'>
    <point x='649.2763' y='488.5'/>
    <point x='649.2763' y='608.92755'/>
    <point x='555.282' y='608.92755'/>
    <point x='555.282' y='488.5'/>
  </room>
  <room id='room-7c61f150-d7b6-46fb-8e3c-a5e3023108e2' areaVisible='true' ceilingVisible='false' ceilingFlat='true'>
    <texture attribute='floorTexture' name='balconyTexture' width='60.0' height='60.0' image='196'/>
    <point x='46.467163' y='1330.4484'/>
    <point x='46.467163' y='1376.1595'/>
    <point x='646.46716' y='1376.1595'/>
    <point x='646.46716' y='1195.0'/>
    <point x='356.81958' y='1195.0'/>
  </room>
</home>